closedate,NC
2010-10-25,200
2010-10-27,20
2010-10-28,0
2010-10-29,0
2010-11-01,40
2010-11-02,0
2010-11-04,0
2010-11-05,0
2010-11-08,0
2010-11-09,0
2010-11-11,0
2010-11-12,0
2010-11-15,0
2010-11-17,0
2010-11-18,0
2010-11-19,0
2010-11-23,0
2010-11-24,0
2010-11-29,0
2010-11-30,0
2010-12-01,0
2010-12-03,1738.43
2010-12-06,0
2010-12-07,53.75
2010-12-08,0
2010-12-09,0
2010-12-10,3799.43
2010-12-13,56250.42
2010-12-14,491.05
2010-12-15,997.57
2010-12-16,0
2010-12-17,4539.94
2010-12-20,10200.43
2010-12-21,356.13
2010-12-22,1465.02
2010-12-23,6673.27
2010-12-24,1235.25
2010-12-27,194.05
2010-12-28,19788.09
2010-12-30,4927.85
2011-01-01,193.92
2011-01-03,1425.28
2011-01-04,96.82
2011-01-06,0
2011-01-07,3053.24
2011-01-08,1690.34
2011-01-10,2224.22
2011-01-11,480
2011-01-12,6788.7
2011-01-13,3746.71
2011-01-14,766.13
2011-01-17,2501.49
2011-01-18,5129.67
2011-01-20,13689.34
2011-01-21,4624.28
2011-01-22,735.27
2011-01-23,0
2011-01-25,2052.33
2011-01-26,330.07
2011-01-27,1059.25
2011-01-28,8633.93
2011-01-29,0
2011-01-30,0
2011-01-31,32362.25
2011-02-03,15938.68
2011-02-05,0
2011-02-06,0
2011-02-07,792.95
2011-02-08,0
2011-02-09,1882.63
2011-02-10,0
2011-02-11,0
2011-02-14,0
2011-02-15,0
2011-02-16,0
2011-02-17,5847.09
2011-02-18,1308.1
2011-02-20,6141.81
2011-02-21,0
2011-02-22,10440.65
2011-02-23,810.38
2011-02-24,3164.18
2011-02-25,0
2011-02-28,11327.64
2011-03-01,4484.1
2011-03-02,-24.66
2011-03-03,0
2011-03-04,0
2011-03-06,950.76
2011-03-07,0
2011-03-08,10990.87
2011-03-09,190.38
2011-03-10,4671.42
2011-03-11,13186.14
2011-03-14,0
2011-03-15,0
2011-03-16,432.21
2011-03-17,11144.97
2011-03-18,4118.7
2011-03-21,318.36
2011-03-22,10983.15
2011-03-23,0
2011-03-24,2098.75
2011-03-25,4233.99
2011-03-28,18973.75
2011-03-29,0
2011-03-30,15029.09
2011-03-31,757.66
2011-04-01,18390.01
2011-04-04,0
2011-04-05,4893.56
2011-04-06,8736.97
2011-04-07,0
2011-04-08,3320.86
2011-04-10,0
2011-04-11,13733.38
2011-04-12,7609.13
2011-04-13,5555.83
2011-04-14,0
2011-04-15,1682.91
2011-04-16,2700.06
2011-04-18,3400.94
2011-04-19,596.68
2011-04-20,382.85
2011-04-21,2673.32
2011-04-22,21060.72
2011-04-25,30
2011-04-26,0
2011-04-27,0
2011-04-28,4906.03
2011-04-29,16533.56
2011-05-02,16848.24
2011-05-03,3829.7
2011-05-04,120.64
2011-05-05,2372.15
2011-05-06,26468.88
2011-05-09,2762.74
2011-05-10,5046.71
2011-05-11,6185.16
2011-05-12,1810.44
2011-05-13,5157.13
2011-05-15,2129.32
2011-05-16,3411.02
2011-05-17,6643.92
2011-05-18,3628.5
2011-05-19,5463.08
2011-05-20,13802.38
2011-05-21,-47.28
2011-05-23,40022.29
2011-05-24,6451.73
2011-05-25,2970.76
2011-05-26,200.71
2011-05-27,17808.59
2011-05-28,6101.39
2011-05-31,21129.88
2011-06-01,14575.81
2011-06-02,6425.84
2011-06-03,886.49
2011-06-04,1097.01
2011-06-06,9589.11
2011-06-07,4084.88
2011-06-08,4629.82
2011-06-09,2019.03
2011-06-10,397.74
2011-06-13,3660.48
2011-06-14,4624.09
2011-06-15,5404.53
2011-06-16,9835.65
2011-06-17,16992.19
2011-06-18,0
2011-06-20,448.73
2011-06-21,18586.57
2011-06-22,588.17
2011-06-23,1048.94
2011-06-24,16338.36
2011-06-27,660
2011-06-28,13730.64
2011-06-29,2366.7
2011-06-30,19198.45
2011-07-01,0
2011-07-05,65
2011-07-06,4294.94
2011-07-07,0
2011-07-08,534.01
2011-07-11,7321.18
2011-07-12,0
2011-07-13,281.84
2011-07-14,0
2011-07-15,2669.93
2011-07-18,511.83
2011-07-19,0
2011-07-20,84518.29
2011-07-21,1258.15
2011-07-22,11841.43
2011-07-25,6772.62
2011-07-26,4529.09
2011-07-27,6437.89
2011-07-28,4441.37
2011-07-29,6419.37
2011-08-01,290.71
2011-08-02,1233.02
2011-08-03,0
2011-08-04,0
2011-08-05,0
2011-08-08,42447.05
2011-08-09,8017.97
2011-08-10,21368.28
2011-08-11,1273.12
2011-08-12,90389.91
2011-08-15,3290.98
2011-08-16,194.06
2011-08-17,1962.49
2011-08-18,589.83
2011-08-19,28576.42
2011-08-22,3679.78
2011-08-23,1413.68
2011-08-24,1949.62
2011-08-25,70.64
2011-08-26,43899.08
2011-08-29,5875.7
2011-08-30,122.56
2011-08-31,1071.98
2011-09-01,227.93
2011-09-02,538.2
2011-09-06,25523.34
2011-09-07,1558.9
2011-09-08,11899.05
2011-09-09,24104.34
2011-09-12,13614.08
2011-09-13,4991.61
2011-09-14,5727.27
2011-09-15,992.99
2011-09-16,2665.08
2011-09-19,23436.26
2011-09-20,3735.01
2011-09-21,803.28
2011-09-22,9254.11
2011-09-23,5507.94
2011-09-26,1591.5
2011-09-27,1162.28
2011-09-28,13921.81
2011-09-29,7151.39
2011-09-30,6351.15
2011-10-03,40
2011-10-04,5360.91
2011-10-05,647.58
2011-10-06,7295.36
2011-10-07,2565.46
2011-10-10,22844.99
2011-10-11,3657.56
2011-10-12,910.94
2011-10-13,3606.7
2011-10-14,19523.33
2011-10-17,15939.51
2011-10-18,67.2
2011-10-19,922.46
2011-10-20,528.59
2011-10-21,18454.34
2011-10-24,3157.61
2011-10-25,3239.99
2011-10-26,1903.46
2011-10-27,1461.57
2011-10-28,53251.55
2011-10-31,21316.01
2011-11-01,338.22
2011-11-02,708.9
2011-11-03,454.06
2011-11-04,15669.92
2011-11-07,18686.47
2011-11-08,2689.93
2011-11-09,1375.64
2011-11-10,393.19
2011-11-11,1428.78
2011-11-14,6002.34
2011-11-15,700
2011-11-16,22509.77
2011-11-17,384.23
2011-11-18,36920.37
2011-11-21,31428.73
2011-11-22,0
2011-11-23,40153.26
2011-11-28,1374.97
2011-11-29,25839.37
2011-11-30,1807.31
2011-12-01,8356.83
2011-12-02,8434.25
2011-12-05,11145.55
2011-12-06,1211.43
2011-12-07,730.31
2011-12-08,599.88
2011-12-09,16689.33
2011-12-12,2361.23
2011-12-13,582.5
2011-12-14,429.16
2011-12-15,5330.31
2011-12-16,100
2011-12-19,56682.76
2011-12-20,1417.56
2011-12-21,1549.65
2011-12-22,2287.99
2011-12-23,12138
2011-12-26,2595.71
2011-12-27,6422.19
2011-12-28,79.37
2011-12-29,299.86
2011-12-30,2707.34
2012-01-02,661.3
2012-01-03,28581.51
2012-01-04,3358.48
2012-01-05,582.02
2012-01-06,763.42
2012-01-07,0
2012-01-09,869.55
2012-01-10,16045.9
2012-01-11,1829.46
2012-01-12,275.05
2012-01-13,21333.42
2012-01-16,364.45
2012-01-17,1192
2012-01-18,743.31
2012-01-19,990
2012-01-20,62.42
2012-01-23,94.68
2012-01-24,213.06
2012-01-25,80789.51
2012-01-26,559.53
2012-01-27,12232.66
2012-01-30,19688.93
2012-01-31,5.43
2012-02-01,1401.19
2012-02-02,457.34
2012-02-03,2230.42
2012-02-04,0
2012-02-06,5418.02
2012-02-07,4249.4
2012-02-08,2333.54
2012-02-09,291.52
2012-02-10,1000.58
2012-02-11,21.02
2012-02-13,40621.82
2012-02-14,3766.71
2012-02-15,3009.72
2012-02-16,8624.47
2012-02-17,33269.55
2012-02-20,1701.09
2012-02-21,1458.97
2012-02-22,628.94
2012-02-23,24.68
2012-02-24,2275.64
2012-02-27,60309.25
2012-02-28,359.37
2012-02-29,2115.34
2012-03-01,25705.53
2012-03-02,14018.05
2012-03-05,5767.99
2012-03-06,708.44
2012-03-07,325.91
2012-03-08,141.95
2012-03-09,13183.34
2012-03-12,28122.12
2012-03-13,215.09
2012-03-14,2724.74
2012-03-15,62688.22
2012-03-16,14962.96
2012-03-17,242.37
2012-03-19,5172.75
2012-03-20,11257.32
2012-03-21,2979.36
2012-03-22,1829.78
2012-03-23,18458.04
2012-03-26,22923.66
2012-03-27,12447.62
2012-03-28,21668.78
2012-03-29,1265.16
2012-03-30,37705.47
2012-04-02,9921.73
2012-04-03,15966.47
2012-04-04,21.84
2012-04-05,4543.61
2012-04-06,40843.27
2012-04-09,13372.13
2012-04-10,25941.65
2012-04-11,23377.12
2012-04-12,3173.96
2012-04-13,32676.58
2012-04-16,8559.32
2012-04-17,571.71
2012-04-18,1377.69
2012-04-19,1292.37
2012-04-20,1245.26
2012-04-23,23584.98
2012-04-24,60
2012-04-25,478
2012-04-26,337
2012-04-27,6128.85
2012-04-30,36525.39
2012-05-01,19408.4
2012-05-02,22338.6
2012-05-03,714.45
2012-05-04,6916.41
2012-05-07,172.81
2012-05-08,11340.25
2012-05-09,490
2012-05-10,26825.53
2012-05-11,-294.6
2012-05-14,642
2012-05-15,58980.01
2012-05-16,737.78
2012-05-17,660.89
2012-05-18,4944.52
2012-05-21,18695.42
2012-05-22,5542.79
2012-05-23,22607.68
2012-05-24,-28.98
2012-05-25,7609.72
2012-05-29,42125.79
2012-05-30,3279.49
2012-05-31,5134.43
2012-06-01,7914.69
2012-06-04,2243.17
2012-06-05,8391.68
2012-06-06,28369.88
2012-06-07,14012.75
2012-06-08,5184.38
2012-06-11,2775.29
2012-06-12,327.62
2012-06-13,7706.01
2012-06-14,1767.92
2012-06-15,113
2012-06-18,28329.85
2012-06-19,19295.91
2012-06-20,5808.12
2012-06-21,5055.94
2012-06-22,0
2012-06-25,2895.99
2012-06-26,748.17
2012-06-27,17969.9
2012-06-28,205
2012-06-29,23714.53
2012-06-30,1001.3
2012-07-01,0
2012-07-02,6452.93
2012-07-03,3898.23
2012-07-04,30
2012-07-05,4386.44
2012-07-06,1032.63
2012-07-09,14307.26
2012-07-10,0
2012-07-11,10655.73
2012-07-12,27.97
2012-07-13,2329.46
2012-07-16,9583.47
2012-07-17,25621.62
2012-07-18,133.05
2012-07-19,26854.1
2012-07-20,5793.69
2012-07-23,146
2012-07-24,44.65
2012-07-25,30786.37
2012-07-26,21175.95
2012-07-27,12809.26
2012-07-28,652.71
2012-07-30,17837.06
2012-07-31,54209.42
2012-08-01,0
2012-08-02,109.62
2012-08-03,4201.15
2012-08-06,6686.81
2012-08-07,8091.88
2012-08-08,10408.68
2012-08-09,1382.15
2012-08-10,2368.43
2012-08-11,0
2012-08-13,15972.22
2012-08-14,230
2012-08-15,9459.93
2012-08-16,55
2012-08-17,96.26
2012-08-20,64.3
2012-08-21,365
2012-08-22,8770.13
2012-08-23,129623.62
2012-08-24,168.62
2012-08-27,3843.75
2012-08-28,286.52
2012-08-29,409.25
2012-08-30,4092.96
2012-08-31,46908.76
2012-09-01,323.85
2012-09-04,2903.86
2012-09-05,6216.58
2012-09-06,319.04
2012-09-07,121.65
2012-09-10,497.01
2012-09-11,2552.84
2012-09-12,265.46
2012-09-13,44332.2
2012-09-14,0
2012-09-15,0
2012-09-17,97.04
2012-09-18,0
2012-09-19,28789.97
2012-09-20,604.63
2012-09-21,3856.37
2012-09-23,40
2012-09-24,34.69
2012-09-25,5933.1
2012-09-26,44227.68
2012-09-27,4699.67
2012-09-28,43187.06
2012-09-29,740.97
2012-10-01,0
2012-10-02,18516.31
2012-10-03,6760.17
2012-10-04,40
2012-10-05,255.42
2012-10-08,4666.54
2012-10-09,13712.44
2012-10-10,5435.99
2012-10-11,3689.4
2012-10-12,5588.6
2012-10-13,0
2012-10-15,75936.81
2012-10-16,59693.51
2012-10-17,25168.75
2012-10-18,50354.16
2012-10-19,30794.34
2012-10-22,59733.16
2012-10-23,2996.44
2012-10-24,12930.98
2012-10-25,5138.15
2012-10-26,-98.88
2012-10-28,0
2012-10-29,7260.43
2012-10-30,-4.72
2012-10-31,37419.79
2012-11-01,3972.67
2012-11-02,0
2012-11-03,0
2012-11-05,0
2012-11-06,5875.23
2012-11-07,15116.48
2012-11-08,1493.19
2012-11-09,23531.36
2012-11-10,0
2012-11-12,4651.33
2012-11-13,1273
2012-11-14,24963.5
2012-11-15,10424.35
2012-11-16,1458.26
2012-11-19,41788.75
2012-11-20,2662
2012-11-21,9047.53
2012-11-24,14407.32
2012-11-26,7874.79
2012-11-27,10923.78
2012-11-28,17447.43
2012-11-29,8557.16
2012-11-30,65850.06
2012-12-03,602.78
2012-12-04,1991.95
2012-12-05,2441.39
2012-12-06,18881.97
2012-12-07,1508.41
2012-12-10,4223.58
2012-12-11,2816.55
2012-12-12,994
2012-12-13,293.84
2012-12-14,29127.01
2012-12-17,7017.54
2012-12-18,2561.25
2012-12-19,629.33
2012-12-20,3692.5
2012-12-21,782.28
2012-12-25,35771.56
2012-12-26,16336.18
2012-12-27,4883.7
2012-12-28,1863.7
2012-12-31,80685.19
2013-01-02,-29
2013-01-03,50
2013-01-04,133.29
2013-01-07,2219.56
2013-01-08,288.9
2013-01-09,801.28
2013-01-10,1625.5
2013-01-11,113.28
2013-01-14,4964.17
2013-01-15,51502.56
2013-01-16,3114.38
2013-01-17,15170.41
2013-01-18,7230.26
2013-01-21,71968.73
2013-01-22,-93.79
2013-01-23,15687.4
2013-01-24,955.49
2013-01-25,1441
2013-01-28,24690.57
2013-01-29,11651.88
2013-01-30,15321.3
2013-01-31,41321.23
2013-02-01,0
2013-02-04,151.39
2013-02-05,2750
2013-02-06,0
2013-02-07,30217.17
2013-02-08,8274.78
2013-02-11,343.63
2013-02-12,4565.66
2013-02-13,3316.31
2013-02-14,21605.52
2013-02-15,1588.2
2013-02-18,11818.82
2013-02-19,21096.74
2013-02-20,8555.77
2013-02-21,20663.42
2013-02-22,4810.27
2013-02-25,20239.52
2013-02-26,17323.32
2013-02-27,202.66
2013-02-28,44427.9
2013-03-01,-168.76
2013-03-04,67.43
2013-03-05,253.75
2013-03-06,15228.67
2013-03-07,25
2013-03-08,-434.1
2013-03-11,15.82
2013-03-12,1546.61
2013-03-13,21.89
2013-03-14,5234.06
2013-03-15,9454
2013-03-16,38001.42
2013-03-18,1734.15
2013-03-19,1493.27
2013-03-20,3065.37
2013-03-21,5444.14
2013-03-22,24033.14
2013-03-25,4472.29
2013-03-26,19582.68
2013-03-27,10485.13
2013-03-28,22865.56
2013-03-29,19846.49
2013-03-30,8140.35
2013-03-31,30739.33
2013-04-01,0
2013-04-02,3746.51
2013-04-03,2121.21
2013-04-04,489.11
2013-04-05,405.83
2013-04-08,263.05
2013-04-09,2184.48
2013-04-10,8085.8
2013-04-11,70247.34
2013-04-12,727.27
2013-04-15,787.19
2013-04-16,33752.77
2013-04-17,101.82
2013-04-18,3757.07
2013-04-19,8234.05
2013-04-22,882
2013-04-23,4813.13
2013-04-24,7917.49
2013-04-25,20965.96
2013-04-26,3865.15
2013-04-29,1332.16
2013-04-30,62034.53
2013-05-01,150
2013-05-02,956.03
2013-05-03,25
2013-05-06,874.64
2013-05-07,2888.68
2013-05-08,1833.88
2013-05-09,1373.81
2013-05-10,5.63
2013-05-13,85762.33
2013-05-14,2278.12
2013-05-15,1352.52
2013-05-16,25918.58
2013-05-17,79.84
2013-05-20,1269.99
2013-05-21,7562.21
2013-05-22,3322.72
2013-05-23,38554.41
2013-05-24,16137.84
2013-05-28,11980.04
2013-05-29,1669.48
2013-05-30,10971.39
2013-05-31,151809.06
2013-06-02,0
2013-06-03,2714.91
2013-06-04,547.72
2013-06-05,8939.75
2013-06-06,13447.7
2013-06-07,2734.52
2013-06-10,75
2013-06-11,20413.04
2013-06-12,6075.74
2013-06-13,30366.47
2013-06-14,5123.68
2013-06-17,26257.65
2013-06-18,80.04
2013-06-19,3805.88
2013-06-20,17431.22
2013-06-21,3965.81
2013-06-23,1325.81
2013-06-24,10193.31
2013-06-25,11780.56
2013-06-26,5065.57
2013-06-27,28022.27
2013-06-28,13846.72
2013-06-29,642.86
2013-06-30,0
2013-07-01,9862.95
2013-07-02,6320.49
2013-07-03,16708.03
2013-07-04,79.93
2013-07-05,3082.35
2013-07-06,0
2013-07-08,11475.19
2013-07-09,22325.65
2013-07-10,5319.8
2013-07-11,18075.99
2013-07-12,5163.18
2013-07-14,0
2013-07-15,1369.35
2013-07-16,13848.75
2013-07-17,5419.27
2013-07-18,10905.16
2013-07-19,11016.42
2013-07-20,16064.55
2013-07-22,16312.36
2013-07-23,11240.49
2013-07-24,13587.59
2013-07-25,19729.25
2013-07-26,9983.96
2013-07-27,6919.89
2013-07-29,21744.95
2013-07-30,8887.4
2013-07-31,14931.36
2013-08-01,13391.08
2013-08-02,10309.16
2013-08-03,288.41
2013-08-04,0
2013-08-05,21979.24
2013-08-06,4303.88
2013-08-07,9852
2013-08-08,6436.8
2013-08-09,13267.98
2013-08-10,14458.69
2013-08-11,200.66
2013-08-12,25007.55
2013-08-13,11166.17
2013-08-14,10795.16
2013-08-15,3382.19
2013-08-16,10789.14
2013-08-17,85.02
2013-08-18,-556.94
2013-08-19,25602.73
2013-08-20,8024.55
2013-08-21,2678.44
2013-08-22,4489.33
2013-08-23,14672.95
2013-08-24,4275.5
2013-08-26,22440.35
2013-08-27,19074.13
2013-08-28,14618.3
2013-08-29,14544.18
2013-08-30,9840.57
2013-08-31,7607.47
2013-09-01,-110
2013-09-03,10397.17
2013-09-04,12417.69
2013-09-05,23358.47
2013-09-06,20019
2013-09-07,1944.88
2013-09-09,20733.1
2013-09-10,6842.95
2013-09-11,3965.41
2013-09-12,2503.69
2013-09-13,15987
2013-09-14,-204.64
2013-09-16,15186.7
2013-09-17,2322.69
2013-09-18,14589.62
2013-09-19,12304.24
2013-09-20,6589.62
2013-09-21,1091.29
2013-09-23,16294
2013-09-24,10291.8
2013-09-25,10935.79
2013-09-26,2979.93
2013-09-27,14604.86
2013-09-28,4529.97
2013-09-30,15170.26
2013-10-01,22933.53
2013-10-02,8463.71
2013-10-03,16162.7
2013-10-04,7634.86
2013-10-05,166.95
2013-10-07,31927.16
2013-10-08,16321.28
2013-10-09,14955.42
2013-10-10,13071.18
2013-10-11,13781.86
2013-10-12,446.62
2013-10-14,2055.05
2013-10-15,21945.6
2013-10-16,23576.31
2013-10-17,16524.06
2013-10-18,13619.23
2013-10-19,241.07
2013-10-21,33420.9
2013-10-22,14855.68
2013-10-23,8678.16
2013-10-24,8392.68
2013-10-25,25168.48
2013-10-26,5351.77
2013-10-28,8671.22
2013-10-29,7861.33
2013-10-30,8522.6
2013-10-31,5298.19
2013-11-01,7787.21
2013-11-02,6270.65
2013-11-04,13108.06
2013-11-05,4070.18
2013-11-06,14829.09
2013-11-07,2019.47
2013-11-08,10810.77
2013-11-09,0
2013-11-11,9990.35
2013-11-12,18199.9
2013-11-13,21676.49
2013-11-14,23614.67
2013-11-15,31233.87
2013-11-17,40.99
2013-11-18,43045.56
2013-11-19,4510.15
2013-11-20,16229.24
2013-11-21,2905.71
2013-11-22,44534.89
2013-11-23,27.33
2013-11-24,0
2013-11-25,23964.67
2013-11-26,4371.63
2013-11-27,18637.9
2013-11-28,5236.87
2013-11-29,12847.54
2013-11-30,939.46
2013-12-01,-3.12
2013-12-02,23930.76
2013-12-03,17850.11
2013-12-04,17180.88
2013-12-05,11542.88
2013-12-06,14979.24
2013-12-07,435.29
2013-12-09,31388.11
2013-12-10,10518.42
2013-12-11,17542.83
2013-12-12,9502.8
2013-12-13,6522.46
2013-12-15,15
2013-12-16,11465.81
2013-12-17,15716.83
2013-12-18,15168.61
2013-12-19,13096.05
2013-12-20,12115.97
2013-12-21,3207.67
2013-12-23,13984.43
2013-12-24,3989.66
2013-12-26,23319.56
2013-12-27,12001.91
2013-12-28,354.4
2013-12-30,2111.55
2013-12-31,15627.02
2014-01-01,-122.62
2014-01-02,22165.73
2014-01-03,10351.61
2014-01-04,503.27
2014-01-06,37484.87
2014-01-07,23185.4
2014-01-08,4750.91
2014-01-09,10360.38
2014-01-10,27018.79
2014-01-11,0
2014-01-13,22742.9
2014-01-14,8053.96
2014-01-15,8584.76
2014-01-16,10712.45
2014-01-17,27519.35
2014-01-19,0
2014-01-20,7605.88
2014-01-21,13480.69
2014-01-22,9120.54
2014-01-23,9857.98
2014-01-24,12906.75
2014-01-25,1446.68
2014-01-27,15264
2014-01-28,15010.88
2014-01-29,10670.47
2014-01-30,7845.48
2014-01-31,13241.35
2014-02-01,-551.91
2014-02-03,19901.07
2014-02-04,1557.25
2014-02-05,11073.23
2014-02-06,1703.3
2014-02-07,12197.83
2014-02-08,0
2014-02-09,503.96
2014-02-10,13850.63
2014-02-11,18823.33
2014-02-12,16090.02
2014-02-13,9195.71
2014-02-14,8986.4
2014-02-15,37551.49
2014-02-17,12174.57
2014-02-18,23550.76
2014-02-19,8195.77
2014-02-20,15378.95
2014-02-21,9878.56
2014-02-22,0
2014-02-24,11854.71
2014-02-25,13830.62
2014-02-26,8154.43
2014-02-27,15434.25
2014-02-28,38675.07
2014-03-01,2730.07
2014-03-03,11781.65
2014-03-04,9963.84
2014-03-05,6242.35
2014-03-06,13652.2
2014-03-07,11068.27
2014-03-08,33.37
2014-03-10,5524.47
2014-03-11,11070.49
2014-03-12,6924.59
2014-03-13,9210.5
2014-03-14,15102.08
2014-03-15,10488.25
2014-03-16,0
2014-03-17,33736.92
2014-03-18,9074.04
2014-03-19,9131.18
2014-03-20,19167.34
2014-03-21,8913.09
2014-03-22,0
2014-03-23,3182.55
2014-03-24,17660.44
2014-03-25,9850.89
2014-03-26,11517.73
2014-03-27,5388.02
2014-03-28,22676.2
2014-03-29,271.95
2014-03-30,0
2014-03-31,27216.18
2014-04-01,16996.74
2014-04-02,9289.64
2014-04-03,15725
2014-04-04,16568.64
2014-04-05,2151.39
2014-04-07,17191.17
2014-04-08,16808.86
2014-04-09,19063.29
2014-04-10,10718.33
2014-04-11,15459.81
2014-04-13,35785.98
2014-04-14,20867.49
2014-04-15,14869.12
2014-04-16,7715.18
2014-04-17,21163
2014-04-18,7709.95
2014-04-19,25
2014-04-20,0
2014-04-21,20493.4
2014-04-22,6765.19
2014-04-23,16698.16
2014-04-24,13059.14
2014-04-25,14815.06
2014-04-27,0
2014-04-28,22173.7
2014-04-29,12720.02
2014-04-30,15640.9
2014-05-01,7603.24
2014-05-02,13343.13
2014-05-05,20139.52
2014-05-06,17695.47
2014-05-07,14025.51
2014-05-08,14893.72
2014-05-09,21313.58
2014-05-10,18
2014-05-11,3678.36
2014-05-12,31567.19
2014-05-13,11554.11
2014-05-14,10452.57
2014-05-15,11455.23
2014-05-16,15256.64
2014-05-17,434.56
2014-05-19,13465.5
2014-05-20,27011.81
2014-05-21,10968.78
2014-05-22,12111.1
2014-05-23,16209.79
2014-05-24,200
2014-05-25,701.33
2014-05-26,928.71
2014-05-27,18137.95
2014-05-28,10339.95
2014-05-29,22729.24
2014-05-30,13478.02
2014-05-31,279.31
2014-06-01,187.72
2014-06-02,19768.34
2014-06-03,8857.32
2014-06-04,17297.36
2014-06-05,8185.74
2014-06-06,16621.03
2014-06-07,2814.5
2014-06-08,0
2014-06-09,18498.99
2014-06-10,23875.25
2014-06-11,15531.37
2014-06-12,11146.74
2014-06-13,18808.46
2014-06-14,769.87
2014-06-16,18797
2014-06-17,16801.77
2014-06-18,12391.58
2014-06-19,13246.29
2014-06-20,21212.16
2014-06-21,529.58
2014-06-23,18371.29
2014-06-24,9795.42
2014-06-25,13160.73
2014-06-26,11715.26
2014-06-27,31176.37
2014-06-28,1719.16
2014-06-29,25
2014-06-30,30546.31
2014-07-01,13398.74
2014-07-02,8362.58
2014-07-03,7909.97
2014-07-04,1126.93
2014-07-05,388.93
2014-07-07,11134.51
2014-07-08,35632.55
2014-07-09,13312.63
2014-07-10,17420.14
2014-07-11,21703.36
2014-07-12,714.26
2014-07-14,16815.54
2014-07-15,14698.98
2014-07-16,7591.21
2014-07-17,6935.9
2014-07-18,18603.73
2014-07-19,2363.01
2014-07-21,12017.66
2014-07-22,26011.03
2014-07-23,7970.13
2014-07-24,28653.63
2014-07-25,12545.97
2014-07-27,2093.97
2014-07-28,9335.44
2014-07-29,11650.72
2014-07-30,9503.43
2014-07-31,23770.36
2014-08-01,18161.41
2014-08-02,9901.46
2014-08-04,19184.78
2014-08-05,4519.23
2014-08-06,10837.21
2014-08-07,19814.18
2014-08-08,26143.41
2014-08-09,1999.02
2014-08-11,25872.15
2014-08-12,5341.46
2014-08-13,6696.49
2014-08-14,13304.97
2014-08-15,11833.05
2014-08-16,508.75
2014-08-18,21262.15
2014-08-19,21331.36
2014-08-20,17416.84
2014-08-21,12975.84
2014-08-22,11417.31
2014-08-23,2698.95
2014-08-25,21255.43
2014-08-26,10393.05
2014-08-27,9202.35
2014-08-28,11828.57
2014-08-29,14684.47
2014-08-30,582.87
2014-08-31,-409.09
2014-09-01,-71.33
2014-09-02,29215.82
2014-09-03,17358.43
2014-09-04,16292.01
2014-09-05,27038.94
2014-09-06,8834.14
2014-09-08,19776.98
2014-09-09,13454.84
2014-09-10,14101.89
2014-09-11,14878.81
2014-09-12,12930.7
2014-09-13,1456.75
2014-09-15,23530.67
2014-09-16,8995.16
2014-09-17,17919.03
2014-09-18,24177.37
2014-09-19,17453.01
2014-09-20,2725.81
2014-09-21,0
2014-09-22,18677.61
2014-09-23,11572.88
2014-09-24,13265.23
2014-09-25,10150.85
2014-09-26,13278.28
2014-09-27,1125.51
2014-09-28,3548.99
2014-09-29,19945.67
2014-09-30,13392.81
2014-10-01,22689.26
2014-10-02,14142.26
2014-10-03,15759.63
2014-10-04,6326.91
2014-10-06,34655.67
2014-10-07,11840.16
2014-10-08,13065.91
2014-10-09,10184.35
2014-10-10,20611.34
2014-10-11,2509.56
2014-10-13,8309.09
2014-10-14,31793.42
2014-10-15,19869.55
2014-10-16,13321.85
2014-10-17,11197.93
2014-10-18,2794.56
2014-10-20,16031.85
2014-10-21,11125.8
2014-10-22,13720.22
2014-10-23,12436.6
2014-10-24,15130.13
2014-10-25,624.27
2014-10-27,18897.03
2014-10-28,3785.53
2014-10-29,9892.49
2014-10-30,11689.14
2014-10-31,21844.5
2014-11-01,2060.18
2014-11-03,17473.13
2014-11-04,15607.61
2014-11-05,13410.6
2014-11-06,4537.91
2014-11-07,17406.85
2014-11-08,2163.96
2014-11-09,0
2014-11-10,32437.71
2014-11-11,11633.59
2014-11-12,27196.79
2014-11-13,26326.73
2014-11-14,10936.9
2014-11-15,2925.86
2014-11-17,34181.67
2014-11-18,11064.76
2014-11-19,6311.76
2014-11-20,8264.28
2014-11-21,30163.01
2014-11-22,3482.18
2014-11-23,0
2014-11-24,18603.63
2014-11-25,9634.82
2014-11-26,7321.64
2014-11-27,1073.85
2014-11-28,2835.3
2014-11-29,-315.64
2014-12-01,16702.01
2014-12-02,20801.86
2014-12-03,7312.43
2014-12-04,24100.92
2014-12-05,13142.96
2014-12-06,3674.8
2014-12-08,21553.92
2014-12-09,32870.17
2014-12-10,11497.37
2014-12-11,3586.35
2014-12-12,17948.02
2014-12-13,4874.5
2014-12-15,13715.37
2014-12-16,23288.88
2014-12-17,38081.14
2014-12-18,13110.29
2014-12-19,21218.22
2014-12-20,4043.4
2014-12-21,0
2014-12-22,16988.32
2014-12-23,22533.44
2014-12-24,-114.58
2014-12-25,185
2014-12-26,1497.66
2014-12-27,5028.31
2014-12-29,15723.44
2014-12-30,23257.32
2014-12-31,27770.21
2015-01-01,744.41
2015-01-02,39165.81
2015-01-03,2605.86
2015-01-05,6797.01
2015-01-06,17234.7
2015-01-07,22400.65
2015-01-08,6400.5
2015-01-09,15590.58
2015-01-10,6058.3
2015-01-11,0
2015-01-12,23085.17
2015-01-13,13484.8
2015-01-14,10085.89
2015-01-15,8199.8
2015-01-16,31851
2015-01-17,2957.06
2015-01-19,39904.5
2015-01-20,17379.06
2015-01-21,1730.81
2015-01-22,3866.75
2015-01-23,12209.77
2015-01-24,4035.34
2015-01-26,23558.78
2015-01-27,12451.03
2015-01-28,5924.67
2015-01-29,10976.44
2015-01-30,13312.95
2015-01-31,673.67
2015-02-01,8205.76
2015-02-02,42681.09
2015-02-03,6093.15
2015-02-04,22825.61
2015-02-05,11511.45
2015-02-06,18553.07
2015-02-07,2077.96
2015-02-08,0
2015-02-09,18676.61
2015-02-10,6932.6
2015-02-11,19749.77
2015-02-12,11059.49
2015-02-13,11210.33
2015-02-14,1325.81
2015-02-16,36735.1
2015-02-17,17978.86
2015-02-18,10304.06
2015-02-19,12079.52
2015-02-20,27071.45
2015-02-21,260.67
2015-02-22,1099.86
2015-02-23,7878.61
2015-02-24,7030.94
2015-02-25,21038.22
2015-02-26,7061.14
2015-02-27,2533.7
2015-02-28,16724.39
2015-03-01,-246.89
2015-03-02,9764.9
2015-03-03,11155.25
2015-03-04,9269.67
2015-03-05,4629.51
2015-03-06,25686.89
2015-03-07,4364.18
2015-03-08,3985
2015-03-09,14402.82
2015-03-10,23976.64
2015-03-11,42923.24
2015-03-12,11469.32
2015-03-13,4560.85
2015-03-14,2690.2
2015-03-15,0
2015-03-16,4720.17
2015-03-17,6762.05
2015-03-18,6695.59
2015-03-19,28528.15
2015-03-20,16933.48
2015-03-21,554.87
2015-03-23,19916.27
2015-03-24,7369.82
2015-03-25,13614.36
2015-03-26,9037.95
2015-03-27,12053.02
2015-03-28,444.24
2015-03-30,16782.47
2015-03-31,2270.58
2015-04-01,13653.86
2015-04-02,4849.09
2015-04-03,25437.43
2015-04-04,2066.99
2015-04-06,8293.83
2015-04-07,14321.4
2015-04-08,7051.68
2015-04-09,11466.06
2015-04-10,13558.41
2015-04-11,680.65
2015-04-13,34874.35
2015-04-14,36693.27
2015-04-15,11730.54
2015-04-16,26565.1
2015-04-17,18281.93
2015-04-18,1622.42
2015-04-20,13847.64
2015-04-21,8881.3
2015-04-22,15974.72
2015-04-23,8843.22
2015-04-24,17492.29
2015-04-25,1073.84
2015-04-26,0
2015-04-27,18669.07
2015-04-28,9393.45
2015-04-29,10635.5
2015-04-30,11977.36
2015-05-01,13037.8
2015-05-02,1166.62
2015-05-04,15907.04
2015-05-05,42893.86
2015-05-06,34907.47
2015-05-07,10745.11
2015-05-08,36651.1
2015-05-09,2052.23
2015-05-11,35159.77
2015-05-12,18939.02
2015-05-13,10418.07
2015-05-14,6717.29
2015-05-15,19860.93
2015-05-16,5055.7
2015-05-18,25225.59
2015-05-19,17008.75
2015-05-20,16757.69
2015-05-21,12126.42
2015-05-22,18377.37
2015-05-23,2913.48
2015-05-25,317.43
2015-05-26,17849.48
2015-05-27,19280.64
2015-05-28,10422.62
2015-05-29,21302.34
2015-05-30,318.69
2015-06-01,23344.34
2015-06-02,18326.74
2015-06-03,21435.63
2015-06-04,7423.45
2015-06-05,25786.45
2015-06-06,3844.08
2015-06-07,0
2015-06-08,18655.82
2015-06-09,11564.17
2015-06-10,6640.04
2015-06-11,18007.76
2015-06-12,7578.66
2015-06-13,21059.46
2015-06-14,0
2015-06-15,6081.36
2015-06-16,3062.7
2015-06-17,25296.91
2015-06-18,13165.09
2015-06-19,26743.37
2015-06-20,1556.63
2015-06-22,17000
2015-06-23,14087.62
2015-06-24,19395.84
2015-06-25,11443.43
2015-06-26,24444.57
2015-06-27,1245.27
2015-06-29,16866.53
2015-06-30,12295.68
2015-07-01,20583.98
2015-07-02,3333.39
2015-07-03,10797.98
2015-07-04,223.22
2015-07-06,14627.24
2015-07-07,26241.95
2015-07-08,12533.53
2015-07-09,11509.26
2015-07-10,26417.93
2015-07-13,15260.92
2015-07-14,16833.25
2015-07-15,18651.83
2015-07-16,19468.03
2015-07-17,17834.39
2015-07-18,4242.3
2015-07-19,0
2015-07-20,29702.58
2015-07-21,14894.49
2015-07-22,14768.33
2015-07-23,15030.32
2015-07-24,15680.11
2015-07-25,5566.51
2015-07-27,26664.29
2015-07-28,18183
2015-07-29,15226.4
2015-07-30,10727.61
2015-07-31,24194.56
2015-08-01,4603.83
2015-08-03,24462.85
2015-08-04,18409.02
2015-08-05,7599.18
2015-08-06,11369.96
2015-08-07,30497.76
2015-08-08,3376.25
2015-08-10,10858.61
2015-08-11,37712.64
2015-08-12,10687.69
2015-08-13,7968.02
2015-08-14,20159.68
2015-08-15,2018.37
2015-08-16,0
2015-08-17,23520.89
2015-08-18,20006.08
2015-08-19,15135.19
2015-08-20,11466.84
2015-08-21,14310.66
2015-08-22,240.5
2015-08-24,30319.72
2015-08-25,21221.8
2015-08-26,11467.86
2015-08-27,12391.91
2015-08-28,20756.38
2015-08-29,2099.73
2015-08-30,0
2015-08-31,31062.88
2015-09-01,16164.6
2015-09-02,27092.12
2015-09-03,16690.25
2015-09-04,11977.01
2015-09-05,2889.54
2015-09-06,0
2015-09-07,0
2015-09-08,27649.8
2015-09-09,19660.24
2015-09-10,13951.81
2015-09-11,29923.56
2015-09-12,2747.08
2015-09-14,27817.48
2015-09-15,18789.49
2015-09-16,13998.4
2015-09-17,18821.1
2015-09-18,16290.61
2015-09-19,1394.43
2015-09-21,18323.86
2015-09-22,27705.15
2015-09-23,10260.88
2015-09-24,10999.5
2015-09-25,17457.57
2015-09-26,-3502.8
2015-09-28,17008.7
2015-09-29,24223.72
2015-09-30,34462.95
2015-10-01,6200.69
2015-10-02,13316.38
2015-10-03,2346.17
2015-10-05,22460.03
2015-10-06,17603.98
2015-10-07,7863.71
2015-10-08,31638.87
2015-10-09,11482.72
2015-10-10,989.39
2015-10-11,0
2015-10-12,3309.86
2015-10-13,48964.57
2015-10-14,19503.77
2015-10-15,17724
2015-10-16,12875.03
2015-10-17,1997.97
2015-10-19,22581.08
2015-10-20,10894.75
2015-10-21,18236.28
2015-10-22,9739.33
2015-10-23,28443.21
2015-10-24,1130.18
2015-10-26,14964.53
2015-10-27,12409.8
2015-10-28,17408.22
2015-10-29,17511.33
2015-10-30,14245.16
2015-10-31,3190.76
2015-11-01,170.95
2015-11-02,23362.85
2015-11-03,9437.95
2015-11-04,19787.45
2015-11-05,8186.96
2015-11-06,24676.71
2015-11-09,22579.5
2015-11-10,14912.76
2015-11-11,22348.13
2015-11-12,10229.45
2015-11-13,24743.2
2015-11-14,7300.86
2015-11-16,33183.68
2015-11-17,13906.39
2015-11-18,31374.51
2015-11-19,34867.96
2015-11-20,16002.36
2015-11-21,1394.11
2015-11-23,26448.79
2015-11-24,14145.11
2015-11-25,5622.27
2015-11-26,0
2015-11-27,3012.67
2015-11-30,15977.24
2015-12-01,16061.71
2015-12-02,12402.15
2015-12-03,5485.28
2015-12-04,8019.14
2015-12-05,1768.29
2015-12-07,12199.35
2015-12-08,14768.11
2015-12-09,9414.44
2015-12-10,8514.11
2015-12-11,23260.55
2015-12-12,5653.93
2015-12-14,12385.82
2015-12-15,25485.09
2015-12-16,22993.43
2015-12-17,15212.38
2015-12-18,16123.04
2015-12-19,212.74
2015-12-21,22765.86
2015-12-22,27776.75
2015-12-23,7888
2015-12-24,24521.08
2015-12-25,0
2015-12-26,489.82
2015-12-27,0
2015-12-28,26444.38
2015-12-29,37378.28
2015-12-30,43660.22
2015-12-31,7352.5
2016-01-01,59.33
2016-01-02,6432.6
2016-01-04,11220.29
2016-01-05,6944.01
2016-01-06,14375.67
2016-01-07,3879.6
2016-01-08,8351.81
2016-01-09,2042.24
2016-01-11,7925.49
2016-01-12,16876.42
2016-01-13,5297.8
2016-01-14,7994.99
2016-01-15,4289.57
2016-01-16,2315.29
2016-01-18,4174.52
2016-01-19,140571.04
2016-01-20,9817.52
2016-01-21,3731.16
2016-01-22,3618.49
2016-01-23,4072.05
2016-01-25,17741.95
2016-01-26,8945.07
2016-01-27,5101.16
2016-01-28,52766.02
2016-01-29,4556.13
2016-01-30,3540.6
2016-01-31,0
2016-02-01,18315.58
2016-02-02,2347.49
2016-02-03,17329.42
2016-02-04,5464.36
2016-02-05,2412.73
2016-02-06,6079.73
2016-02-07,1275.68
2016-02-08,12626.7
2016-02-09,45513.32
2016-02-10,2865.65
2016-02-11,4955.25
2016-02-12,3195.87
2016-02-13,2044.78
2016-02-15,4894.32
2016-02-16,5290.9
2016-02-17,11179.57
2016-02-18,98837.31
2016-02-19,2210.83
2016-02-20,2363.02
2016-02-22,5266.21
2016-02-23,10985.69
2016-02-24,15714.63
2016-02-25,2541.2
2016-02-26,21852.59
2016-02-27,3462.44
2016-02-29,49850.67
2016-03-01,4749.66
2016-03-02,17640.1
2016-03-03,55811.48
2016-03-04,4841.8
2016-03-05,1720.8
2016-03-07,2982.86
2016-03-08,9123.59
2016-03-09,3128.63
2016-03-10,12918.06
2016-03-11,3055.78
2016-03-12,3702.54
2016-03-14,107197.13
2016-03-15,13280.34
2016-03-16,12022.25
2016-03-17,1883.94
2016-03-18,10855.08
2016-03-19,5369.23
2016-03-21,10236.23
2016-03-22,10988.65
2016-03-23,5254.44
2016-03-24,95499.18
2016-03-25,5550.05
2016-03-26,1563.55
2016-03-28,12353.61
2016-03-29,1370.03
2016-03-30,13730.57
2016-03-31,59285.83
2016-04-01,6392.93
2016-04-02,2074.58
2016-04-04,5218.98
2016-04-05,14394.07
2016-04-06,7428.66
2016-04-07,6129.27
2016-04-08,2918.39
2016-04-09,846.84
2016-04-11,79297.03
2016-04-12,5422.46
2016-04-13,20511.34
2016-04-14,4051.41
2016-04-15,6716.43
2016-04-16,2492.74
2016-04-18,9743.79
2016-04-19,70064.59
2016-04-20,21981.52
2016-04-21,15145.98
2016-04-22,12792.7
2016-04-23,1948.11
2016-04-24,0
2016-04-25,36192.21
2016-04-26,15752.98
2016-04-27,16413.3
2016-04-28,13907.81
2016-04-29,29004.4
2016-04-30,241.67
2016-05-01,286.18
2016-05-02,6023.62
2016-05-03,17847.62
2016-05-04,26441.56
2016-05-05,6175.45
2016-05-06,11299.67
2016-05-07,5234.65
2016-05-09,22482.57
2016-05-10,15770.03
2016-05-11,18063.88
2016-05-12,14030.06
2016-05-13,9902.2
2016-05-14,15477.41
2016-05-16,14978.09
2016-05-17,14753.26
2016-05-18,28366.67
2016-05-19,10710.8
2016-05-20,8070.99
2016-05-21,2394.21
2016-05-22,0
2016-05-23,23983.76
2016-05-24,7348.29
2016-05-25,14223.76
2016-05-26,12109.43
2016-05-27,18113.18
2016-05-28,1571.73
2016-05-30,27672.49
2016-05-31,29966.73
2016-06-01,12789.98
2016-06-02,26678.17
2016-06-03,8362.33
2016-06-04,4337.4
2016-06-05,0
2016-06-06,15644.26
2016-06-07,13314
2016-06-08,29527.63
2016-06-09,6187.38
2016-06-10,4248.6
2016-06-11,521.11
2016-06-12,67.18
2016-06-13,18337.19
2016-06-14,15828.12
2016-06-15,17819.32
2016-06-16,8884.72
2016-06-17,31158.46
2016-06-18,2433.46
2016-06-20,29032.85
2016-06-21,10056.8
2016-06-22,18359.82
2016-06-23,30266.35
2016-06-24,9854.58
2016-06-25,80.76
2016-06-27,15908.81
2016-06-28,22882.29
2016-06-29,12548.04
2016-06-30,43351.46
2016-07-01,2523.78
2016-07-02,1132.83
2016-07-04,12951.01
2016-07-05,3045.59
2016-07-06,29143.16
2016-07-07,6593.94
2016-07-08,4892.05
2016-07-09,2320.39
2016-07-10,0
2016-07-11,28341.91
2016-07-12,43371.14
2016-07-13,13793.1
2016-07-14,24210
2016-07-15,2645.81
2016-07-18,36594.59
2016-07-19,28141.04
2016-07-20,14290.26
2016-07-21,7703.53
2016-07-22,27485.92
2016-07-23,420.67
2016-07-25,20408.02
2016-07-26,35428.36
2016-07-27,39153.36
2016-07-28,19615.07
2016-07-29,47947.78
2016-07-30,189.26
2016-08-01,12406.48
2016-08-02,9896.87
2016-08-03,7585.41
2016-08-04,25054.76
2016-08-05,12586.13
2016-08-06,32.43
2016-08-08,28016.91
2016-08-09,33228.78
2016-08-10,23415.86
2016-08-11,11306.29
2016-08-12,15598.67
2016-08-15,7410.12
2016-08-16,36783.42
2016-08-17,14866.78
2016-08-18,28672.51
2016-08-19,9990.74
2016-08-22,22014.1
2016-08-23,13398.2
2016-08-24,27961.55
2016-08-25,6544.86
2016-08-26,12763.7
2016-08-27,1154.65
2016-08-29,18330.28
2016-08-30,10052.25
2016-08-31,43675.2
2016-09-01,3890.81
2016-09-02,5342.36
2016-09-03,156.81
2016-09-04,0
2016-09-06,33833.42
2016-09-07,32967.12
2016-09-08,22211.67
2016-09-09,3906.37
2016-09-10,385.29
2016-09-12,24638.1
2016-09-13,19242.84
2016-09-14,31647.21
2016-09-15,50977.57
2016-09-16,3636.52
2016-09-17,2592.04
2016-09-19,25477.77
2016-09-20,18398.03
2016-09-21,24369.65
2016-09-22,3130.94
2016-09-23,33275.91
2016-09-24,849.07
2016-09-26,19331.35
2016-09-27,24453.57
2016-09-28,49443.51
2016-09-29,4772.59
2016-09-30,45304.37
2016-10-01,127.13
2016-10-03,2205.21
2016-10-04,3001.39
2016-10-05,13429.41
2016-10-06,35995.08
2016-10-07,27130.46
2016-10-08,4466.67
2016-10-10,12302.09
2016-10-11,10658.03
2016-10-12,94407.53
2016-10-13,8282.38
2016-10-14,7506.65
2016-10-17,19084.26
2016-10-18,67760.5
2016-10-19,5296.26
2016-10-20,29809.38
2016-10-21,17836.63
2016-10-22,1611.29
2016-10-24,6429.31
2016-10-25,33270.23
2016-10-26,15215.84
2016-10-27,33831.04
2016-10-28,23232.78
2016-10-29,545.62
2016-10-31,30038.02
2016-11-01,23797.92
2016-11-02,19545.58
2016-11-03,26420.28
2016-11-04,23418.06
2016-11-05,393.78
2016-11-07,25057.47
2016-11-08,39991.21
2016-11-09,2664.8
2016-11-10,19098.9
2016-11-11,2036.49
2016-11-12,285.01
2016-11-14,18824.33
2016-11-15,24341.43
2016-11-16,31347.28
2016-11-17,36220.8
2016-11-18,35631.11
2016-11-21,32980.59
2016-11-22,29865.97
2016-11-23,11975.15
2016-11-24,6.68
2016-11-25,0
2016-11-26,3224.58
2016-11-27,147.61
2016-11-28,26015.96
2016-11-29,35232.67
2016-11-30,34946.15
2016-12-01,6356.67
2016-12-02,28817.04
2016-12-03,660.37
2016-12-05,15166.5
2016-12-06,17766.63
2016-12-07,49621.66
2016-12-08,21597.6
2016-12-09,13368.32
2016-12-10,134.24
2016-12-12,42055
2016-12-13,35148.81
2016-12-14,15179.91
2016-12-15,27553.09
2016-12-16,18666.49
2016-12-17,1412.35
2016-12-19,26828.44
2016-12-20,21631.74
2016-12-21,10908.49
2016-12-22,25321.67
2016-12-23,21101.08
2016-12-24,2159.19
2016-12-26,8477
2016-12-27,33717.76
2016-12-28,17985.33
2016-12-29,24838.75
2016-12-30,18224.38
2017-01-01,-20.18
2017-01-02,188.77
2017-01-03,51531.87
2017-01-04,12994.47
2017-01-05,54059.19
2017-01-06,16595.16
2017-01-07,2020.03
2017-01-08,50
2017-01-09,27210.37
2017-01-10,9826.81
2017-01-11,12355.14
2017-01-12,32823.37
2017-01-13,16665.64
2017-01-14,2058.32
2017-01-16,8372.79
2017-01-17,5772.04
2017-01-18,26178.02
2017-01-19,16215.55
2017-01-20,37059.35
2017-01-21,1960.74
2017-01-22,0
2017-01-23,11713.46
2017-01-24,51757.11
2017-01-25,17489.68
2017-01-26,8429.19
2017-01-27,36747.96
2017-01-28,2815.36
2017-01-30,11745.61
2017-01-31,30932.21
2017-02-01,9043.05
2017-02-02,15245.12
2017-02-03,24854.74
2017-02-04,2228.59
2017-02-05,0
2017-02-06,10034.53
2017-02-07,33403.2
2017-02-08,15020.14
2017-02-09,17889.89
2017-02-10,22088.27
2017-02-11,2156.54
2017-02-12,105.45
2017-02-13,12190.29
2017-02-14,36180.44
2017-02-15,16534.36
2017-02-16,12030.25
2017-02-17,16823.44
2017-02-18,187.91
2017-02-19,0
2017-02-20,30691.53
2017-02-21,31702.76
2017-02-22,16455.85
2017-02-23,13103.2
2017-02-24,18857.5
2017-02-25,447.97
2017-02-26,90.34
2017-02-27,7423.22
2017-02-28,25924.78
2017-03-01,10934.08
2017-03-02,13124.24
2017-03-03,26207.15
2017-03-04,45.74
2017-03-05,0
2017-03-06,11962.78
2017-03-07,19631.47
2017-03-08,33071.47
2017-03-09,20415.08
2017-03-10,26351.81
2017-03-11,1697.73
2017-03-13,19548.68
2017-03-14,44631.2
2017-03-15,10259.62
2017-03-16,18364.01
2017-03-17,18486.54
2017-03-18,121.37
2017-03-20,16806.15
2017-03-21,35622.22
2017-03-22,22450.83
2017-03-23,16815.07
2017-03-24,47705.16
2017-03-25,979.81
2017-03-26,0
2017-03-27,15748.63
2017-03-28,28868.89
2017-03-29,20244.35
2017-03-30,7523.52
2017-03-31,37426.75
2017-04-01,-402.78
2017-04-03,5699.09
2017-04-04,28622.6
2017-04-05,44194.21
2017-04-06,9892.18
2017-04-07,8711.16
2017-04-08,833.89
2017-04-10,40030.77
2017-04-11,25747.08
2017-04-12,27776.05
2017-04-13,17861.59
2017-04-14,3467.13
2017-04-15,297.22
2017-04-17,43848.38
2017-04-18,24809.47
2017-04-19,9852.82
2017-04-20,16271.44
2017-04-21,31207.65
2017-04-22,263.83
2017-04-24,13623.21
2017-04-25,34328.89
2017-04-26,17268.23
2017-04-27,12780.61
2017-04-28,31847.59
2017-04-29,73.47
2017-04-30,13806.86
2017-05-01,8932.07
2017-05-02,15305.35
2017-05-03,39608.83
2017-05-04,11295.03
2017-05-05,45400.66
2017-05-06,719.49
2017-05-08,13850.34
2017-05-09,36890.29
2017-05-10,19350.4
2017-05-11,25318.51
2017-05-12,20706.31
2017-05-13,653.93
2017-05-14,0
2017-05-15,17587.24
2017-05-16,26893.85
2017-05-17,13473.67
2017-05-18,16493.8
2017-05-19,33779.09
2017-05-20,891.81
2017-05-22,16853.27
2017-05-23,26432.33
2017-05-24,18285.88
2017-05-25,21831
2017-05-26,25006.79
2017-05-27,594.18
2017-05-29,6130.79
2017-05-30,32865.88
2017-05-31,103411.86
2017-06-01,17319.42
2017-06-02,16219.93
2017-06-05,68508.28
2017-06-06,15161.99
2017-06-07,4133.59
2017-06-08,5696.41
2017-06-09,61306.3
2017-06-10,2566.8
2017-06-11,0
2017-06-12,4313.91
2017-06-13,43442.84
2017-06-14,17952.72
2017-06-15,27051.18
2017-06-16,17351.57
2017-06-17,280.94
2017-06-18,0
2017-06-19,16121.29
2017-06-20,30143.07
2017-06-21,3853.9
2017-06-22,15333.76
2017-06-23,3961.96
2017-06-26,27193.15
2017-06-27,24927.92
2017-06-28,16574.44
2017-06-29,12558.22
2017-06-30,39877.41
2017-07-01,-82.83
2017-07-03,5695.79
2017-07-04,12788.34
2017-07-05,10352.31
2017-07-06,11002.9
2017-07-07,4844.72
2017-07-08,1185.79
2017-07-10,46413.45
2017-07-11,17298.94
2017-07-12,11585.06
2017-07-13,10934.1
2017-07-14,20206.51
2017-07-15,0
2017-07-16,-195.84
2017-07-17,33221.49
2017-07-18,41681.62
2017-07-19,12767.87
2017-07-20,27011.62
2017-07-21,15654.86
2017-07-22,68.48
2017-07-23,0
2017-07-24,14134.76
2017-07-25,27219.82
2017-07-26,92530.79
2017-07-27,42933.65
2017-07-28,26606.39
2017-07-29,0
2017-07-31,40706.84
2017-08-01,6349.7
2017-08-02,19294.34
2017-08-03,16724.92
2017-08-04,31649.6
2017-08-05,0
2017-08-07,14746.08
2017-08-08,33454.98
2017-08-09,21333.67
2017-08-10,21527.77
2017-08-11,16536.16
2017-08-13,0
2017-08-14,21648.26
2017-08-15,10243.57
2017-08-16,37770.82
2017-08-17,16273.82
2017-08-18,26961.21
2017-08-19,0
2017-08-21,26926.51
2017-08-22,30119.64
2017-08-23,14915.37
2017-08-24,10625.58
2017-08-25,6098.62
2017-08-28,57999.17
2017-08-29,26162.26
2017-08-30,21599.42
2017-08-31,37656.89
2017-09-01,6211.1
2017-09-02,3222.06
2017-09-04,17793.86
2017-09-05,3424.71
2017-09-06,48185.52
2017-09-07,26711.42
2017-09-08,19116.72
2017-09-09,3492.8
2017-09-10,0
2017-09-11,8679.59
2017-09-12,32576.9
2017-09-13,6231
2017-09-14,26616.21
2017-09-15,14058.96
2017-09-16,2097.27
2017-09-17,1316.48
2017-09-18,3902.84
2017-09-19,51113.8
2017-09-20,24583.68
2017-09-21,17995.92
2017-09-22,23581.4
2017-09-23,5034.72
2017-09-25,21333.44
2017-09-26,31082.7
2017-09-27,38129.54
2017-09-28,24477.28
2017-09-29,31070.34
2017-09-30,1898.23
2017-10-01,-1578.47
2017-10-02,4412.11
2017-10-03,38052.35
2017-10-04,16242.28
2017-10-05,35408.63
2017-10-06,19743.49
2017-10-07,0
2017-10-09,17664.23
2017-10-10,7773.17
2017-10-11,33228.98
2017-10-12,1935.35
2017-10-13,37730.24
2017-10-14,53.22
2017-10-15,0
2017-10-16,12587.24
2017-10-17,33104.82
2017-10-18,5473.45
2017-10-19,37838.97
2017-10-20,17302.9
2017-10-23,15616.22
2017-10-24,34064.36
2017-10-25,21896.51
2017-10-26,8934.99
2017-10-27,12582.56
2017-10-28,0
2017-10-30,48569.07
2017-10-31,47973.73
2017-11-01,10084.78
2017-11-02,33851.44
2017-11-03,10713.29
2017-11-04,2160.58
2017-11-06,54668.82
2017-11-07,40558.98
2017-11-08,35772.03
2017-11-09,24871.11
2017-11-10,6587.86
2017-11-11,0
2017-11-13,27774.54
2017-11-14,70621.23
2017-11-15,42578.89
2017-11-16,23483.34
2017-11-17,24725.44
2017-11-18,0
2017-11-20,25916.01
2017-11-21,52946.32
2017-11-22,39818.04
2017-11-23,11738.45
2017-11-24,0
2017-11-25,2267.22
2017-11-27,20737.19
2017-11-28,20484.94
2017-11-29,48091.77
2017-11-30,68286.4
2017-12-01,4425.01
2017-12-02,0
2017-12-04,2082.69
2017-12-05,67321.77
2017-12-06,25178.57
2017-12-07,27044.15
2017-12-08,28516.31
2017-12-11,21448.95
2017-12-12,34537.78
2017-12-13,9148.91
2017-12-14,9551.9
2017-12-15,20937.6
2017-12-16,136.72
2017-12-17,448.85
2017-12-18,23649.25
2017-12-19,36935.87
2017-12-20,32593.09
2017-12-21,37212.7
2017-12-22,34272.37
2017-12-23,1031.41
2017-12-24,-27.43
2017-12-26,27859.87
2017-12-27,61791.16
2017-12-28,23260.55
2017-12-29,71126.66
2017-12-30,728.98
2017-12-31,396.37
2018-01-01,-2135.05
2018-01-02,6481.39
2018-01-03,5202.3
2018-01-04,49963.52
2018-01-05,34028.48
2018-01-06,81.69
2018-01-08,20355
2018-01-09,44228.35
2018-01-10,22207.34
2018-01-11,15947.31
2018-01-12,58959.02
2018-01-15,7851.5
2018-01-16,143.11
2018-01-17,33389.69
2018-01-18,15007.38
2018-01-19,13007.35
2018-01-20,670.95
2018-01-21,746.93
2018-01-22,7284.15
2018-01-23,12281.03
2018-01-24,35785.66
2018-01-25,13059.61
2018-01-26,12722.21
2018-01-28,0
2018-01-29,94721.42
2018-01-30,19969.08
2018-01-31,44062.61
2018-02-01,44.97
2018-02-02,10968.98
2018-02-03,1895.34
2018-02-04,183.74
2018-02-05,16520.6
2018-02-06,31626.89
2018-02-07,29472.04
2018-02-08,11315.9
2018-02-09,25110.71
2018-02-10,3579.85
2018-02-12,41623.81
2018-02-13,40028.29
2018-02-14,17321.75
2018-02-15,19473.17
2018-02-16,4810
2018-02-17,1060.55
2018-02-19,36966.81
2018-02-20,6257.22
2018-02-21,26271.25
2018-02-22,50938.04
2018-02-23,32140.27
2018-02-24,4615.31
2018-02-26,23526.61
2018-02-27,35377.89
2018-02-28,28299.08
2018-03-01,3089.66
2018-03-02,10463.71
2018-03-03,143.6
2018-03-05,24464.7
2018-03-06,17145.01
2018-03-07,40145.61
2018-03-08,6076.9
2018-03-09,5261.07
2018-03-10,497.8
2018-03-11,0
2018-03-12,34993.45
2018-03-13,34206.74
2018-03-14,20567.66
2018-03-15,26002.01
2018-03-16,71881.74
2018-03-17,3816.03
2018-03-19,14415.48
2018-03-20,36051.48
2018-03-21,31181.04
2018-03-22,28651.47
2018-03-23,16416.52
2018-03-24,1196.35
2018-03-25,1328.51
2018-03-26,21427.82
2018-03-27,41693.73
2018-03-28,35489.3
2018-03-29,12411.05
2018-03-30,77538.03
2018-03-31,3210.52
2018-04-01,-1310.75
2018-04-02,12230.8
2018-04-03,28600.31
2018-04-04,24565.82
2018-04-05,18952.06
2018-04-06,34431.89
2018-04-07,22.95
2018-04-08,789.25
2018-04-09,58702.83
2018-04-10,22792.17
2018-04-11,24481.19
2018-04-12,25221.77
2018-04-13,24537.02
2018-04-14,493.81
2018-04-16,22421.95
2018-04-17,53055.85
2018-04-18,43414
2018-04-19,26564.81
2018-04-20,27408.35
2018-04-21,141.35
2018-04-22,0
2018-04-23,10007.55
2018-04-24,43643.32
2018-04-25,27693.37
2018-04-26,42800.89
2018-04-27,43378.87
2018-04-28,2721.12
2018-04-30,104809.09
2018-05-01,4344.78
2018-05-02,21681.35
2018-05-03,26415.78
2018-05-04,24305.75
2018-05-05,115.89
2018-05-06,0
2018-05-07,46052.09
2018-05-08,64537.55
2018-05-09,26842.43
2018-05-10,15123.56
2018-05-11,30157.89
2018-05-12,1560.06
2018-05-14,18870.84
2018-05-15,48577.76
2018-05-16,24554.6
2018-05-17,46439.68
2018-05-18,32467.03
2018-05-19,1514.48
2018-05-20,0
2018-05-21,35921.79
2018-05-22,26833.79
2018-05-23,57555.76
2018-05-24,39493.11
2018-05-25,20077.95
2018-05-26,296.14
2018-05-28,28137.74
2018-05-29,10545.14
2018-05-30,41722.51
2018-05-31,75055.44
2018-06-01,10885.69
2018-06-02,482.02
2018-06-03,0
2018-06-04,34170.55
2018-06-05,16779.35
2018-06-06,28854.69
2018-06-07,29103.84
2018-06-08,42162.72
2018-06-10,95.06
2018-06-11,8528.09
2018-06-12,47635.88
2018-06-13,52870.98
2018-06-14,16436.1
2018-06-15,1381.84
2018-06-17,0
2018-06-18,57410.2
2018-06-19,23009.96
2018-06-20,26683.81
2018-06-21,28497.62
2018-06-22,38817.51
2018-06-23,1295.77
2018-06-25,21453.07
2018-06-26,14258.48
2018-06-27,25485.49
2018-06-28,24186.3
2018-06-29,31931.4
2018-06-30,2405.81
2018-07-01,25
2018-07-02,21621.81
2018-07-03,25963.07
2018-07-04,13009.8
2018-07-05,8157.17
2018-07-06,16201.87
2018-07-07,3273.58
2018-07-09,23284.26
2018-07-10,49172.37
2018-07-11,68830.61
2018-07-12,24381.75
2018-07-13,35239.49
2018-07-14,2325.11
2018-07-15,0
2018-07-16,15101.73
2018-07-17,75407.58
2018-07-18,26642.42
2018-07-19,22445.04
2018-07-20,83840.75
2018-07-21,954.13
2018-07-22,0
2018-07-23,30784.42
2018-07-24,46859.36
2018-07-25,17345.8
2018-07-26,20815.7
2018-07-27,20200.83
2018-07-28,1752.05
2018-07-30,43831.34
2018-07-31,43158.12
2018-08-01,13838.64
2018-08-02,40109.76
2018-08-03,28313.11
2018-08-06,27606.34
2018-08-07,26067.27
2018-08-08,9623.63
2018-08-09,53334.65
2018-08-10,17000.08
2018-08-11,0
2018-08-12,-35
2018-08-13,35219.57
2018-08-14,24345.49
2018-08-15,19390.12
2018-08-16,32909.14
2018-08-17,29195.6
2018-08-18,2634.04
2018-08-19,545
2018-08-20,21940.97
2018-08-21,28007
2018-08-22,29267.05
2018-08-23,24248.83
2018-08-24,21748.21
2018-08-25,550.57
2018-08-26,88.38
2018-08-27,14268.34
2018-08-28,28543.68
2018-08-29,43190.69
2018-08-30,22028.36
2018-08-31,53043.83
2018-09-01,169.6
2018-09-03,-183.17
2018-09-04,4251.52
2018-09-05,32825.88
2018-09-06,25210.61
2018-09-07,4533.1
2018-09-08,2424.45
2018-09-10,43871.04
2018-09-11,34199.96
2018-09-12,35503.38
2018-09-13,9913.02
2018-09-14,65467.25
2018-09-15,0
2018-09-17,17484.89
2018-09-18,37740.56
2018-09-19,21330.55
2018-09-20,37846.94
2018-09-21,41919.93
2018-09-22,1408.93
2018-09-23,198.63
2018-09-24,28981.66
2018-09-25,63531.23
2018-09-26,43542.18
2018-09-27,22743.45
2018-09-28,12476.55
2018-09-29,22227.73
2018-09-30,3744.6
2018-10-01,10984.48
2018-10-02,24430.79
2018-10-03,51125.67
2018-10-04,31135.31
2018-10-05,63519.08
2018-10-06,638.06
2018-10-08,35120.87
2018-10-09,17197.14
2018-10-10,26028.75
2018-10-11,27866.07
2018-10-12,51221.1
2018-10-13,1588.95
2018-10-14,316.88
2018-10-15,28050.68
2018-10-16,32979.85
2018-10-17,27996.17
2018-10-18,2760.5
2018-10-19,47155.58
2018-10-20,2648.87
2018-10-22,30179.39
2018-10-23,38332.81
2018-10-24,12247.51
2018-10-25,16060.14
2018-10-26,29638.65
2018-10-27,1195.84
2018-10-29,18429.35
2018-10-30,41106.8
2018-10-31,41570.02
2018-11-01,6793.29
2018-11-02,23654.46
2018-11-03,11485.69
2018-11-05,30138
2018-11-06,9279.78
2018-11-07,93752.14
2018-11-08,35139.7
2018-11-09,31958.22
2018-11-10,1917.06
2018-11-12,38424.71
2018-11-13,19388.39
2018-11-14,55582.74
2018-11-15,20454.86
2018-11-16,44775.84
2018-11-17,2763.77
2018-11-18,-1.06
2018-11-19,8961.04
2018-11-20,115777.26
2018-11-21,46121.36
2018-11-22,26497.6
2018-11-23,-19.53
2018-11-24,536.51
2018-11-25,0
2018-11-26,38732.14
2018-11-27,40883.77
2018-11-28,47506.39
2018-11-29,48601.75
2018-11-30,76172.38
2018-12-01,2748.18
2018-12-03,4495.43
2018-12-04,30214.56
2018-12-05,48809.05
2018-12-06,21376.27
2018-12-07,29217.9
2018-12-08,1885.26
2018-12-09,0
2018-12-10,26426.28
2018-12-11,53819.31
2018-12-12,55229.91
2018-12-13,26274.99
2018-12-14,34467.74
2018-12-15,1585.55
2018-12-16,0
2018-12-17,27057.15
2018-12-18,46069.32
2018-12-19,35808.09
2018-12-20,27453.29
2018-12-21,37344.7
2018-12-22,4202.19
2018-12-24,20174.01
2018-12-25,10720.79
2018-12-26,36679.61
2018-12-27,31197.46
2018-12-28,28569.91
2018-12-29,745.35
2018-12-30,4257.9
2018-12-31,97359.64
2019-01-01,23.41
2019-01-02,10451.69
2019-01-03,45087.33
2019-01-04,21970.07
2019-01-05,1761.41
2019-01-07,48908.4
2019-01-08,61158.94
2019-01-09,62536.82
2019-01-10,49151.64
2019-01-11,64273.78
2019-01-12,2802.8
2019-01-13,-125
2019-01-14,33185.27
2019-01-15,8178.59
2019-01-16,69000.8
2019-01-17,24681.94
2019-01-18,45904.27
2019-01-19,1633.53
2019-01-20,0
2019-01-21,29368.09
2019-01-22,28153.39
2019-01-23,29063.33
2019-01-24,27006.93
2019-01-25,19417.67
2019-01-26,91.13
2019-01-27,0
2019-01-28,17112.27
2019-01-29,59730.09
2019-01-30,16669.02
2019-01-31,59841.13
2019-02-01,18909.95
2019-02-02,884.48
2019-02-03,0
2019-02-04,14406.15
2019-02-05,54853.38
2019-02-06,14389.9
2019-02-07,30101.67
2019-02-08,46508.91
2019-02-09,2702.04
2019-02-10,20.79
2019-02-11,52427.92
2019-02-12,44810.14
2019-02-13,21969.8
2019-02-14,17800.94
2019-02-15,59459.92
2019-02-16,85.28
2019-02-18,19556.63
2019-02-19,13025.9
2019-02-20,43379.72
2019-02-21,34417
2019-02-22,46385.96
2019-02-23,474.67
2019-02-25,19239.62
2019-02-26,48189.25
2019-02-27,50985.65
2019-02-28,45620.36
2019-03-01,5488.22
2019-03-02,409.26
2019-03-04,25553.81
2019-03-05,64756.78
2019-03-06,37344.84
2019-03-07,53758.03
2019-03-08,41766.9
2019-03-09,173.96
2019-03-10,0
2019-03-11,25913.99
2019-03-12,46970.14
2019-03-13,37882.15
2019-03-14,24259.89
2019-03-15,22587.92
2019-03-16,0
2019-03-18,21414.51
2019-03-19,50818.98
2019-03-20,27755.18
2019-03-21,36270.17
2019-03-22,51937.64
2019-03-23,718.66
2019-03-25,30129.84
2019-03-26,23253.8
2019-03-27,68381.94
2019-03-28,20050.15
2019-03-29,45107.54
2019-03-30,3297.11
2019-03-31,-0.21
2019-04-01,13781.66
2019-04-02,29092.54
2019-04-03,16822.52
2019-04-04,44178
2019-04-05,35385.36
2019-04-06,6969.69
2019-04-08,32913.38
2019-04-09,83113.49
2019-04-10,18513.02
2019-04-11,19922.51
2019-04-12,20509.43
2019-04-13,2698.33
2019-04-14,85
2019-04-15,27606.72
2019-04-16,50575.73
2019-04-17,46705
2019-04-18,24891.56
2019-04-19,55724.78
2019-04-22,23763.85
2019-04-23,61792.67
2019-04-24,16540.67
2019-04-25,37420.27
2019-04-26,46603.7
2019-04-29,24715.52
2019-04-30,88217.22
2019-05-01,28111.91
2019-05-02,26879.6
2019-05-03,30404.9
2019-05-04,0
2019-05-06,39518.99
2019-05-07,69767.71
2019-05-08,32899.19
2019-05-09,55780.35
2019-05-10,42107.82
2019-05-12,0
2019-05-13,50178.37
2019-05-14,46558.39
2019-05-15,52036.47
2019-05-16,30267.54
2019-05-17,30329.38
2019-05-18,7847.88
2019-05-19,70
2019-05-20,27857.94
2019-05-21,59465.24
2019-05-22,54459.55
2019-05-23,8367.27
2019-05-24,7140.13
2019-05-25,495.06
2019-05-26,45
2019-05-27,14124.99
2019-05-28,27377.77
2019-05-29,61475.31
2019-05-30,65431.75
2019-05-31,87308.14
2019-06-01,1078.1
2019-06-03,6864.2
2019-06-04,40319.4
2019-06-05,49455.56
2019-06-06,35004.11
2019-06-07,22136.28
2019-06-08,0
2019-06-10,30215.4
2019-06-11,40883.1
2019-06-12,50474.62
2019-06-13,57003.35
2019-06-14,25721.8
2019-06-15,414.78
2019-06-16,0
2019-06-17,32942.35
2019-06-18,45036.23
2019-06-19,45669.25
2019-06-20,46512.24
2019-06-21,51798.91
2019-06-22,6556.8
2019-06-24,23422.99
2019-06-25,43423.89
2019-06-26,25470.83
2019-06-27,24663.9
2019-06-28,90548.23
2019-06-29,-0.21
2019-06-30,10574.21
2019-07-01,6570.63
2019-07-02,61401.42
2019-07-03,36226.97
2019-07-04,18450.08
2019-07-05,6721.04
2019-07-06,26086.12
2019-07-07,0
2019-07-08,23350.92
2019-07-09,14657.03
2019-07-10,81553.59
2019-07-11,52483.27
2019-07-12,46190.3
2019-07-13,-84.6
2019-07-14,-28.23
2019-07-15,56198.08
2019-07-16,77756.22
2019-07-17,28197.91
2019-07-18,33081.05
2019-07-19,35564.3
2019-07-20,14984.26
2019-07-21,0
2019-07-22,45877.49
2019-07-23,61359.29
2019-07-24,23859.38
2019-07-25,45973.87
2019-07-26,32901.91
2019-07-27,169.67
2019-07-29,28995.88
2019-07-30,29592.57
2019-07-31,110761.75
2019-08-01,4424.22
2019-08-02,30043.08
2019-08-03,0
2019-08-04,0
2019-08-05,27066.67
2019-08-06,91110.9
2019-08-07,37713.61
2019-08-08,29539.23
2019-08-09,31065.44
2019-08-10,5417.12
2019-08-12,36630.95
2019-08-13,34372.66
2019-08-14,33954.95
2019-08-15,40385.95
2019-08-16,49563.78
2019-08-17,3691.71
2019-08-19,34273.8
2019-08-20,41601.26
2019-08-21,34611.54
2019-08-22,31679.47
2019-08-23,37807.5
2019-08-24,52601.44
2019-08-26,41735.74
2019-08-27,60555.57
2019-08-28,45617.76
2019-08-29,23940.78
2019-08-30,80067.96
2019-08-31,9640.84
2019-09-01,165.55
2019-09-02,940.59
2019-09-03,27090.37
2019-09-04,23157.58
2019-09-05,60899.39
2019-09-06,23328.35
2019-09-07,577.28
2019-09-08,0
2019-09-09,32214.43
2019-09-10,38424.67
2019-09-11,69836.72
2019-09-12,32182.06
2019-09-13,56587.83
2019-09-14,18110.9
2019-09-16,49480.47
2019-09-17,42929.7
2019-09-18,54020.2
2019-09-19,26886.73
2019-09-20,46938.63
2019-09-21,48275.34
2019-09-22,0
2019-09-23,34740.55
2019-09-24,54488.39
2019-09-25,25133.31
2019-09-26,28289.4
2019-09-27,86703.09
2019-09-28,3953.83
2019-09-30,69489.63
2019-10-01,6732.92
2019-10-02,56359.07
2019-10-03,46942.55
2019-10-04,25308.15
2019-10-05,34293.21
2019-10-07,6401.54
2019-10-08,42688.2
2019-10-09,89808.45
2019-10-10,29115.12
2019-10-11,47705.92
2019-10-12,26294.68
2019-10-14,46705.01
2019-10-15,4156.32
2019-10-16,65185.71
2019-10-17,41398.58
2019-10-18,41063.87
2019-10-19,1787.49
2019-10-20,376.86
2019-10-21,38807.18
2019-10-22,38034.48
2019-10-23,46822.58
2019-10-24,25205.26
2019-10-25,30133.48
2019-10-26,17841.51
2019-10-28,27816.27
2019-10-29,29080.57
2019-10-30,60354.41
2019-10-31,78150.54
2019-11-01,5991.93
2019-11-02,29769.03
2019-11-04,63714.94
2019-11-05,20638.59
2019-11-06,34437.99
2019-11-07,22585.12
2019-11-08,35665.41
2019-11-09,0
2019-11-10,0
2019-11-11,46617.73
2019-11-12,12973.98
2019-11-13,66613.98
2019-11-14,41607.94
2019-11-15,23018.4
2019-11-16,441.49
2019-11-18,31823.92
2019-11-19,94580.06
2019-11-20,13952.39
2019-11-21,26631.66
2019-11-22,33333.31
2019-11-23,52147.29
2019-11-24,-20
2019-11-25,42362.75
2019-11-26,42960.13
2019-11-27,59279.62
2019-11-28,33439.91
2019-11-29,99588.74
2019-11-30,61848.25
2019-12-01,-695.67
2019-12-02,46917.16
2019-12-03,29923.48
2019-12-04,34211.81
2019-12-05,47778.58
2019-12-06,45026.75
2019-12-07,4757.13
2019-12-09,81155.3
2019-12-10,50611.54
2019-12-11,70959.84
2019-12-12,36282.3
2019-12-13,28191.74
2019-12-14,12886.34
2019-12-15,0
2019-12-16,53696.28
2019-12-17,64638.48
2019-12-18,41464.08
2019-12-19,36646.06
2019-12-20,39199.72
2019-12-21,20907.35
2019-12-23,59922.31
2019-12-24,29085.71
2019-12-25,87.29
2019-12-26,31979.77
2019-12-27,49446.89
2019-12-28,719.19
2019-12-29,0
2019-12-30,75394.84
2019-12-31,98797.36
2020-01-01,-131.3
2020-01-02,35285.2
2020-01-03,39306.58
2020-01-04,0
2020-01-06,62941.6
2020-01-07,60683.96
2020-01-08,56793.9
2020-01-09,48578.05
2020-01-10,36784.17
2020-01-11,345.6
2020-01-13,17331.38
2020-01-14,109521.95
2020-01-15,6389.29
2020-01-16,56572.37
2020-01-17,33492.15
2020-01-18,149.25
2020-01-19,15.11
2020-01-20,26391.03
2020-01-21,7384.03
2020-01-22,38811.76
2020-01-23,26327.17
2020-01-24,46488.09
2020-01-25,411.59
2020-01-26,0
2020-01-27,25517.5
2020-01-28,33417.96
2020-01-29,68122.11
2020-01-30,45013.04
2020-01-31,71680.17
2020-02-01,2382.39
2020-02-03,15111.3
2020-02-04,36300.08
2020-02-05,25199.8
2020-02-06,23441.84
2020-02-07,47713.37
2020-02-08,1167.55
2020-02-09,246.69
2020-02-10,38641.1
2020-02-11,37602.42
2020-02-12,48917.53
2020-02-13,28363.98
2020-02-14,34231.42
2020-02-15,0
2020-02-17,41792.03
2020-02-18,17690.29
2020-02-19,36959.17
2020-02-20,65753.3
2020-02-21,58334.38
2020-02-22,2227.14
2020-02-23,0
2020-02-24,50194.96
2020-02-25,37693.4
2020-02-26,55006.53
2020-02-27,36669.91
2020-02-28,78410.96
2020-02-29,5776.02
2020-03-01,-1291.7
2020-03-02,12647.23
2020-03-03,22257.16
2020-03-04,90299.56
2020-03-05,49701.47
2020-03-06,46647.72
2020-03-07,107.51
2020-03-09,33115.67
2020-03-10,34690.52
2020-03-11,37106.57
2020-03-12,36657.17
2020-03-13,40688.29
2020-03-14,0
2020-03-15,0
2020-03-16,29283.34
2020-03-17,29241.56
2020-03-18,30629.88
2020-03-19,37850.8
2020-03-20,9919.07
2020-03-21,0
2020-03-23,6850.36
2020-03-24,3830.74
2020-03-25,8583.02
2020-03-26,19771.8
2020-03-27,15606.7
2020-03-28,2924.09
2020-03-30,12720.56
2020-03-31,178033.01
2020-04-01,21409.28
2020-04-02,3644.75
2020-04-03,1871.4
2020-04-04,-0.21
2020-04-05,0
2020-04-06,2628.28
2020-04-07,24059.05
2020-04-08,34849.12
2020-04-09,40778.44
2020-04-10,41152.22
2020-04-11,0
2020-04-13,53776.51
2020-04-14,5784.89
2020-04-15,27697.19
2020-04-16,3950.03
2020-04-17,57891.93
2020-04-20,38595.5
2020-04-21,31554.88
2020-04-22,16614.34
2020-04-23,11857.45
2020-04-24,46745
2020-04-25,53.43
2020-04-27,44480.74
2020-04-28,88403.95
2020-04-29,24824.9
2020-04-30,76733.77
2020-05-01,6279.5
2020-05-02,-1587.99
2020-05-03,0
2020-05-04,5384.77
2020-05-05,11982.83
2020-05-06,11987.09
2020-05-07,30703.19
2020-05-08,41483.81
2020-05-09,0
2020-05-11,40458.46
2020-05-12,35848.09
2020-05-13,19533.33
2020-05-14,24911.18
2020-05-15,39195.59
2020-05-16,391.52
2020-05-18,21090.96
2020-05-19,32308.81
2020-05-20,25242.86
2020-05-21,32017.93
2020-05-22,41253.69
2020-05-23,0
2020-05-25,2722.01
2020-05-26,22197
2020-05-27,31286.26
2020-05-28,20919.69
2020-05-29,114359.79
2020-05-30,6364.8
2020-06-01,7081.41
2020-06-02,17978.62
2020-06-03,33698.82
2020-06-04,53267.47
2020-06-05,24014.93
2020-06-06,87363.02
2020-06-08,32845.63
2020-06-09,9624.21
2020-06-10,20621.25
2020-06-11,28922.73
2020-06-12,34503.7
2020-06-13,106768.42
2020-06-15,29142.1
2020-06-16,34494.2
2020-06-17,15685.17
2020-06-18,88779.06
2020-06-19,52073.17
2020-06-20,29874.39
2020-06-21,0
2020-06-22,22114.18
2020-06-23,31439.46
2020-06-24,57538.64
2020-06-25,48652.59
2020-06-26,40294.89
2020-06-27,20921.14
2020-06-29,29271.34
2020-06-30,84829.6
2020-07-01,25335.78
2020-07-02,9082.16
2020-07-03,34798.63
2020-07-04,42661.8
2020-07-06,17202.03
2020-07-07,39698.28
2020-07-08,98571.35
2020-07-09,33174.59
2020-07-10,21824.08
2020-07-11,13118.6
2020-07-12,0
2020-07-13,29833.95
2020-07-14,89815.96
2020-07-15,36208.15
2020-07-16,55300.29
2020-07-17,19860.36
2020-07-18,14799.38
2020-07-20,24845.15
2020-07-21,67298.11
2020-07-22,60936.99
2020-07-23,46578.54
2020-07-24,41205.5
2020-07-25,10926.63
2020-07-27,50674.41
2020-07-28,27222.68
2020-07-29,38890.88
2020-07-30,43202
2020-07-31,90824.62
2020-08-01,17898.44
2020-08-02,148.57
2020-08-03,8523.09
2020-08-04,14557.46
2020-08-05,59811.73
2020-08-06,42318.35
2020-08-07,59420.1
2020-08-08,5221.5
2020-08-10,21049.23
2020-08-11,30763.8
2020-08-12,23495.15
2020-08-13,81477.76
2020-08-14,38112.93
2020-08-15,0
2020-08-17,21506.85
2020-08-18,43981.43
2020-08-19,34606.09
2020-08-20,59807.53
2020-08-21,65028.57
2020-08-22,1516.07
2020-08-24,15271.64
2020-08-25,39620.24
2020-08-26,66573.52
2020-08-27,43273.23
2020-08-28,38223.39
2020-08-29,57430.13
2020-08-30,78.23
2020-08-31,85072.74
2020-09-01,5428.33
2020-09-02,26665.16
2020-09-03,33742.44
2020-09-04,41569.22
2020-09-05,3897.88
2020-09-07,57854.32
2020-09-08,12413.79
2020-09-09,85946.18
2020-09-10,40274.75
2020-09-11,56171.18
2020-09-12,2415.78
2020-09-14,25852.93
2020-09-15,39003.61
2020-09-16,39657.87
2020-09-17,75436.45
2020-09-18,69133.86
2020-09-19,15992.54
2020-09-21,44952.52
2020-09-22,15948.04
2020-09-23,28939.42
2020-09-24,61533.87
2020-09-25,56333.44
2020-09-26,2821.03
2020-09-28,31077.05
2020-09-29,32280.43
2020-09-30,96214.98
2020-10-01,12645.98
2020-10-02,7495.04
2020-10-03,7001.27
2020-10-05,11154.07
2020-10-06,28836.52
2020-10-07,31391.81
2020-10-08,23594.56
2020-10-09,58064.78
2020-10-10,0
2020-10-12,75956.43
2020-10-13,48009.16
2020-10-14,39351
2020-10-15,41523.94
2020-10-16,32562.44
